Workbook

Sheet 00 · Start Here · Začnite tu
A1: DEMO — PREVIEW ONLY · enter your email to download the free editable file · ukážka — zadajte e-mail a stiahnite si bezplatný upraviteľný súbor
A2: COMPLIANCE GAP-ANALYSIS & MOCK-AUDIT
A3: Analýza nedostatkov a skúšobný audit — „Prejdem auditom?“
A4: Score your readiness in 15 minutes · Ohodnoťte svoju pripravenosť za 15 minút
A7: WHAT'S INSIDE / ČO OBSAHUJE
A8: 01 · Clause-by-clause Gap Analysis | E8: Analýza nedostatkov po jednotlivých bodoch
A9: 02 · Mock-Audit Readiness Self-Assessment | E9: Skúšobný audit — sebahodnotenie pripravenosti
A10: 03 · Readiness Score & Verdict (RAG) | E10: Skóre pripravenosti a verdikt (RAG)
A11: 04 · Next Steps — which kit closes your gaps | E11: Ďalšie kroky — ktorý balík vyrieši vaše medzery
A13: WHAT IT IS / ČO TO JE
A14: A generic readiness check across the common management-system spine | E14: Všeobecná kontrola pripravenosti naprieč spoločnou kostrou systému riadenia
A15: (ISO 9001 · ISO 22000 · HACCP · BRCGS · IFS · FSSC 22000 structure) | E15: (štruktúra ISO 9001 · ISO 22000 · HACCP · BRCGS · IFS · FSSC 22000)
A16: Audit-ready for a TÜV-style certifier auditing you to these standards — | E16: Pripravené pre certifikačný orgán (štýl TÜV), ktorý vás audituje podľa týchto noriem —
A17: NOT a 'TÜV template'. TÜV is a certifier, not a standard. | E17: NIE je to „TÜV šablóna“. TÜV je certifikačný orgán, nie norma.
A19: HOW TO USE / AKO POUŽÍVAŤ
A20: 1. On Sheet 01, set a Status for each clause (dropdown). | E20: 1. Na hárku 01 nastavte stav pre každý bod (rozbaľovací zoznam).
A21: 2. On Sheet 02, answer the 20 mock-audit questions. | E21: 2. Na hárku 02 odpovedzte na 20 otázok skúšobného auditu.
A22: 3. Sheet 03 auto-calculates your readiness % and verdict. | E22: 3. Hárok 03 automaticky vypočíta % pripravenosti a verdikt.
A23: 4. Sheet 04 routes you to the kit that closes the gaps. | E23: 4. Hárok 04 vás nasmeruje na balík, ktorý medzery vyrieši.
A24: Amber = you fill · Green/Red = auto-scored · Grey = guidance. | E24: Oranžová = vyplníte · Zelená/červená = automaticky · Sivá = pokyny.
A26: ASSET-FORGE · v1.0 · 30/05/2026 · EU (Ireland) · FREE lead magnet · Template only — not legal advice nor a guarantee of certification. · Šablóna — nie je právne poradenstvo ani záruka certifikácie.

Sheet 01 · Gap Analysis · Analýza
A1: DEMO — PREVIEW ONLY · enter your email to download the free editable file · ukážka — zadajte e-mail a stiahnite si bezplatný upraviteľný súbor
A2: Clause-by-clause Gap Analysis | Analýza nedostatkov po jednotlivých bodoch
A3: Current state vs each requirement — % conformance auto-rolls up to Sheet 03 · Aktuálny stav vs každá požiadavka — % zhody sa prenáša na hárok 03
A4: Business name / Názov prevádzky:
A5: Standard / scheme assessed / Posudzovaná norma / schéma:
A6: Date assessed (DD/MM/YYYY) / Dátum posúdenia:
A7: ℹ Set a Status per clause: Conform (100%) · Partial (50%) · Not in place (0%) · N/A (excluded). Conformance % and Priority fill automatically. Non-food businesses set the 8F food rows to N/A. Nastavte stav: Zhoda (100 %) · Čiastočne (50 %) · Chýba (0 %) · Neaplikuje (vylúčené). % zhody a priorita sa vyplnia automaticky. Nepotravinárske prevádzky nastavia riadky 8F na Neaplikuje.
A9: Section Sekcia | B9: Clause Bod | C9: Requirement Požiadavka | D9: Status Stav | E9: Conf. % Zhoda % | F9: Evidence / where Dôkaz / kde | G9: Action to close Opatrenie | H9: Priority Priorita
A10: 4 · Context / Kontext | B10: 4.1 | C10: Internal & external issues affecting the business are identified Interné a externé faktory ovplyvňujúce prevádzku sú identifikované | E10: =IF(D9="","",IF(LEFT(D9,3)="Con",1,IF(LEFT(D9,3)="Par",0.5,IF(LEFT(D9,3)="Not",0,"")))) | H10: =IF(D9="","",IF(LEFT(D9,3)="Not","HIGH",IF(LEFT(D9,3)="Par","MEDIUM","")))
A11: 4 · Context / Kontext | B11: 4.2 | C11: Needs & expectations of interested parties (customers, regulators) recorded Potreby a očakávania zainteresovaných strán sú zaznamenané | E11: =IF(D10="","",IF(LEFT(D10,3)="Con",1,IF(LEFT(D10,3)="Par",0.5,IF(LEFT(D10,3)="Not",0,"")))) | H11: =IF(D10="","",IF(LEFT(D10,3)="Not","HIGH",IF(LEFT(D10,3)="Par","MEDIUM","")))
A12: 4 · Context / Kontext | B12: 4.3/4.4 | C12: Scope of the management system is defined and key processes are mapped Rozsah systému riadenia je definovaný a kľúčové procesy zmapované | E12: =IF(D11="","",IF(LEFT(D11,3)="Con",1,IF(LEFT(D11,3)="Par",0.5,IF(LEFT(D11,3)="Not",0,"")))) | H12: =IF(D11="","",IF(LEFT(D11,3)="Not","HIGH",IF(LEFT(D11,3)="Par","MEDIUM","")))
A13: 5 · Leadership / Vedenie | B13: 5.1 | C13: Top management demonstrably commits to and resources the system Vrcholový manažment preukázateľne podporuje a zdrojuje systém | E13: =IF(D12="","",IF(LEFT(D12,3)="Con",1,IF(LEFT(D12,3)="Par",0.5,IF(LEFT(D12,3)="Not",0,"")))) | H13: =IF(D12="","",IF(LEFT(D12,3)="Not","HIGH",IF(LEFT(D12,3)="Par","MEDIUM","")))
A14: 5 · Leadership / Vedenie | B14: 5.2 | C14: A policy is documented, communicated and available to staff Politika je zdokumentovaná, komunikovaná a dostupná zamestnancom | E14: =IF(D13="","",IF(LEFT(D13,3)="Con",1,IF(LEFT(D13,3)="Par",0.5,IF(LEFT(D13,3)="Not",0,"")))) | H14: =IF(D13="","",IF(LEFT(D13,3)="Not","HIGH",IF(LEFT(D13,3)="Par","MEDIUM","")))
A15: 5 · Leadership / Vedenie | B15: 5.3 | C15: Roles, responsibilities and authorities are assigned and understood Úlohy, zodpovednosti a právomoci sú pridelené a pochopené | E15: =IF(D14="","",IF(LEFT(D14,3)="Con",1,IF(LEFT(D14,3)="Par",0.5,IF(LEFT(D14,3)="Not",0,"")))) | H15: =IF(D14="","",IF(LEFT(D14,3)="Not","HIGH",IF(LEFT(D14,3)="Par","MEDIUM","")))
A16: 6 · Planning / Plánovanie | B16: 6.1 | C16: Risks & opportunities are assessed (incl. climate, Amd 1:2024) Riziká a príležitosti sú posúdené (vrátane klímy, dodatok 1:2024) | E16: =IF(D15="","",IF(LEFT(D15,3)="Con",1,IF(LEFT(D15,3)="Par",0.5,IF(LEFT(D15,3)="Not",0,"")))) | H16: =IF(D15="","",IF(LEFT(D15,3)="Not","HIGH",IF(LEFT(D15,3)="Par","MEDIUM","")))
A17: 6 · Planning / Plánovanie | B17: 6.2 | C17: Objectives are set, measurable, with plans to achieve them Ciele sú stanovené, merateľné a s plánom na ich dosiahnutie | E17: =IF(D16="","",IF(LEFT(D16,3)="Con",1,IF(LEFT(D16,3)="Par",0.5,IF(LEFT(D16,3)="Not",0,"")))) | H17: =IF(D16="","",IF(LEFT(D16,3)="Not","HIGH",IF(LEFT(D16,3)="Par","MEDIUM","")))
A18: 6 · Planning / Plánovanie | B18: 6.3 | C18: Changes to the system are planned and controlled Zmeny systému sú plánované a riadené | E18: =IF(D17="","",IF(LEFT(D17,3)="Con",1,IF(LEFT(D17,3)="Par",0.5,IF(LEFT(D17,3)="Not",0,"")))) | H18: =IF(D17="","",IF(LEFT(D17,3)="Not","HIGH",IF(LEFT(D17,3)="Par","MEDIUM","")))
A19: 7 · Support / Podpora | B19: 7.1 | C19: Resources, infrastructure and work environment are provided Zdroje, infraštruktúra a pracovné prostredie sú zabezpečené | E19: =IF(D18="","",IF(LEFT(D18,3)="Con",1,IF(LEFT(D18,3)="Par",0.5,IF(LEFT(D18,3)="Not",0,"")))) | H19: =IF(D18="","",IF(LEFT(D18,3)="Not","HIGH",IF(LEFT(D18,3)="Par","MEDIUM","")))
A20: 7 · Support / Podpora | B20: 7.2 | C20: Competence: training needs identified and training records kept Kompetencie: potreby školenia určené a záznamy o školení vedené | E20: =IF(D19="","",IF(LEFT(D19,3)="Con",1,IF(LEFT(D19,3)="Par",0.5,IF(LEFT(D19,3)="Not",0,"")))) | H20: =IF(D19="","",IF(LEFT(D19,3)="Not","HIGH",IF(LEFT(D19,3)="Par","MEDIUM","")))
A21: 7 · Support / Podpora | B21: 7.3/7.4 | C21: Staff are aware of the policy; communication is defined Zamestnanci poznajú politiku; komunikácia je definovaná | E21: =IF(D20="","",IF(LEFT(D20,3)="Con",1,IF(LEFT(D20,3)="Par",0.5,IF(LEFT(D20,3)="Not",0,"")))) | H21: =IF(D20="","",IF(LEFT(D20,3)="Not","HIGH",IF(LEFT(D20,3)="Par","MEDIUM","")))
... A35: 10 · Improvement / Zlepšovanie | B35: 10.3 | C35: Continual improvement is evidenced over time Trvalé zlepšovanie je preukázané v čase | E35: =IF(D34="","",IF(LEFT(D34,3)="Con",1,IF(LEFT(D34,3)="Par",0.5,IF(LEFT(D34,3)="Not",0,"")))) | H35: =IF(D34="","",IF(LEFT(D34,3)="Not","HIGH",IF(LEFT(D34,3)="Par","MEDIUM","")))
A36: OVERALL CONFORMANCE / CELKOVÁ ZHODA → | E36: =IF(COUNT(E9:E34)=0,"",AVERAGE(E9:E34)) | F36: =CONCATENATE("HIGH-priority gaps / kritické medzery: ",COUNTIF(H9:H34,"HIGH"))

Sheet 02 · Mock Audit · Skúšobný audit
A1: DEMO — PREVIEW ONLY · enter your email to download the free editable file · ukážka — zadajte e-mail a stiahnite si bezplatný upraviteľný súbor
A2: Mock-Audit · Readiness Self-Assessment | Skúšobný audit · Sebahodnotenie pripravenosti
A3: Answer honestly as if the auditor is in the room — score auto-rolls up to Sheet 03 · Odpovedajte úprimne, akoby bol audítor v miestnosti — skóre sa prenáša na hárok 03
A4: Assessed by / Posúdil:
A5: Date (DD/MM/YYYY) / Dátum:
A6: ℹ Yes = you could evidence it now (100%) · Partly = some evidence/gaps (50%) · No = not in place (0%). Be honest — the point is to find gaps before the auditor does. Áno = viete to doložiť teraz (100 %) · Čiastočne = časť dôkazov (50 %) · Nie = chýba (0 %). Buďte úprimní — cieľom je nájsť medzery skôr ako audítor.
A8: # | B8: Question / Otázka | C8: Answer Odpoveď | D8: Score Skóre | E8: Note / Poznámka
A9: 1 | B9: Could you show a current policy, signed and dated by management? Viete predložiť aktuálnu politiku podpísanú a datovanú manažmentom? | D9: =IF(C8="","",IF(LEFT(C8,3)="Yes",1,IF(LEFT(C8,3)="Par",0.5,0)))
A10: 2 | B10: Could you produce an up-to-date scope / process map of the business? Viete predložiť aktuálny rozsah / mapu procesov prevádzky? | D10: =IF(C9="","",IF(LEFT(C9,3)="Yes",1,IF(LEFT(C9,3)="Par",0.5,0)))
A11: 3 | B11: Could you show this year's measurable objectives and progress? Viete ukázať tohtoročné merateľné ciele a pokrok? | D11: =IF(C10="","",IF(LEFT(C10,3)="Yes",1,IF(LEFT(C10,3)="Par",0.5,0)))
A12: 4 | B12: Has your risk register been reviewed in the last 12 months? Bol register rizík preskúmaný za posledných 12 mesiacov? | D12: =IF(C11="","",IF(LEFT(C11,3)="Yes",1,IF(LEFT(C11,3)="Par",0.5,0)))
A13: 5 | B13: Could you show training records for every member of staff? Viete predložiť záznamy o školení pre každého zamestnanca? | D13: =IF(C12="","",IF(LEFT(C12,3)="Yes",1,IF(LEFT(C12,3)="Par",0.5,0)))
A14: 6 | B14: Would staff, asked at random, know the policy and their duties? Poznali by náhodne oslovení zamestnanci politiku a svoje povinnosti? | D14: =IF(C13="","",IF(LEFT(C13,3)="Yes",1,IF(LEFT(C13,3)="Par",0.5,0)))
A15: 7 | B15: Is your documented information version-controlled (no undated drafts)? Má vaša dokumentácia riadené verzie (žiadne nedatované koncepty)? | D15: =IF(C14="","",IF(LEFT(C14,3)="Yes",1,IF(LEFT(C14,3)="Par",0.5,0)))
A16: 8 | B16: Could you produce an approved-supplier list with evidence of approval? Viete predložiť zoznam schválených dodávateľov s dôkazom schválenia? | D16: =IF(C15="","",IF(LEFT(C15,3)="Yes",1,IF(LEFT(C15,3)="Par",0.5,0)))
A17: 9 | B17: (Food) Could you show a HACCP plan with CCPs and critical limits? (Potraviny) Viete ukázať HACCP plán s CCP a kritickými limitmi? | D17: =IF(C16="","",IF(LEFT(C16,3)="Yes",1,IF(LEFT(C16,3)="Par",0.5,0)))
A18: 10 | B18: (Food) Could you give allergen information for every item/product? (Potraviny) Viete poskytnúť informácie o alergénoch pre každú položku? | D18: =IF(C17="","",IF(LEFT(C17,3)="Yes",1,IF(LEFT(C17,3)="Par",0.5,0)))
A19: 11 | B19: Could you trace a batch one step back and one step forward in minutes? Viete vystopovať šaržu o krok späť a o krok vpred v priebehu minút? | D19: =IF(C18="","",IF(LEFT(C18,3)="Yes",1,IF(LEFT(C18,3)="Par",0.5,0)))
A20: 12 | B20: Could you show monitoring records (temperatures/checks) for last month? Viete ukázať záznamy monitorovania (teploty/kontroly) za minulý mesiac? | D20: =IF(C19="","",IF(LEFT(C19,3)="Yes",1,IF(LEFT(C19,3)="Par",0.5,0)))
... A28: 20 | B28: If an auditor arrived unannounced today, would your records be in order? Keby dnes prišiel audítor bez ohlásenia, boli by vaše záznamy v poriadku? | D28: =IF(C27="","",IF(LEFT(C27,3)="Yes",1,IF(LEFT(C27,3)="Par",0.5,0)))
A29: MOCK-AUDIT READINESS / PRIPRAVENOSŤ → | D29: =IF(COUNT(D8:D27)=0,"",AVERAGE(D8:D27))

Sheet 03 · Readiness · Pripravenosť
A1: DEMO — PREVIEW ONLY · enter your email to download the free editable file · ukážka — zadajte e-mail a stiahnite si bezplatný upraviteľný súbor
A2: Readiness Score & Verdict | Skóre pripravenosti a verdikt
A3: Auto-calculated from Sheets 01 & 02 — the answer to 'will I pass?' · Automaticky z hárkov 01 a 02 — odpoveď na otázku „prejdem?“
A5: Gap-analysis conformance / Zhoda z analýzy nedostatkov | D5: =IF('01 · Gap Analysis · Analýza'!E35="","",'01 · Gap Analysis · Analýza'!E35)
A6: Mock-audit readiness / Pripravenosť zo skúšobného auditu | D6: =IF('02 · Mock Audit · Skúšobný audit'!D28="","",'02 · Mock Audit · Skúšobný audit'!D28)
A7: OVERALL READINESS / CELKOVÁ PRIPRAVENOSŤ | D7: =IF(AND('01 · Gap Analysis · Analýza'!E35="",'02 · Mock Audit · Skúšobný audit'!D28=""),"",IF('01 · Gap Analysis · Analýza'!E35="",'02 · Mock Audit · Skúšobný audit'!D28,IF('02 · Mock Audit · Skúšobný audit'!D28="",'01 · Gap Analysis · Analýza'!E35,('01 · Gap Analysis · Analýza'!E35+'02 · Mock Audit · Skúšobný audit'!D28)/2)))
A9: VERDICT — WILL I PASS? / VERDIKT — PREJDEM?
A10: =IF(D6="","Complete Sheets 01 & 02 to see your verdict / Vyplňte hárky 01 a 02",IF(D6>=0.85,"🟢 LIKELY TO PASS — tidy the ambers, then book. / PRAVDEPODOBNE PREJDETE — doriešte oranžové a objednajte audit.",IF(D6>=0.6,"🟠 AT RISK — close the red (HIGH) gaps before booking. / RIZIKO — pred objednaním uzavrite červené (kritické) medzery.","🔴 NOT READY — significant gaps; work through Sheet 04 first. / NEPRIPRAVENÍ — vážne medzery; najprv prejdite hárok 04.")))
A13: RAG BANDS / PÁSMA RAG
A14: 🟢 ≥ 85% | B14: Likely to pass — minor tidy-ups | E14: Pravdepodobne prejdete — drobné úpravy
A15: 🟠 60–84% | B15: At risk — close HIGH gaps first | E15: Riziko — najprv kritické medzery
A16: 🔴 < 60% | B16: Not ready — significant work needed | E16: Nepripravení — vážna práca
A18: OPEN GAPS / OTVORENÉ MEDZERY
A19: HIGH priority (Not in place) / kritické (chýba) | E19: =COUNTIF('01 · Gap Analysis · Analýza'!H9:H34,"HIGH")
A20: MEDIUM priority (Partial) / stredné (čiastočne) | E20: =COUNTIF('01 · Gap Analysis · Analýza'!H9:H34,"MEDIUM")
A22: SECTION BREAKDOWN / ROZPIS PO SEKCIÁCH
A23: Section / Sekcia | E23: Conf. % / Zhoda %
A24: 4 · Context / Kontext | E24: =IFERROR(AVERAGEIFS('01 · Gap Analysis · Analýza'!E9:E34,'01 · Gap Analysis · Analýza'!A9:A34,"4 · Context / Kontext"),"—")
A25: 5 · Leadership / Vedenie | E25: =IFERROR(AVERAGEIFS('01 · Gap Analysis · Analýza'!E9:E34,'01 · Gap Analysis · Analýza'!A9:A34,"5 · Leadership / Vedenie"),"—")
A26: 6 · Planning / Plánovanie | E26: =IFERROR(AVERAGEIFS('01 · Gap Analysis · Analýza'!E9:E34,'01 · Gap Analysis · Analýza'!A9:A34,"6 · Planning / Plánovanie"),"—")
A27: 7 · Support / Podpora | E27: =IFERROR(AVERAGEIFS('01 · Gap Analysis · Analýza'!E9:E34,'01 · Gap Analysis · Analýza'!A9:A34,"7 · Support / Podpora"),"—")
A28: 8 · Operation / Prevádzka | E28: =IFERROR(AVERAGEIFS('01 · Gap Analysis · Analýza'!E9:E34,'01 · Gap Analysis · Analýza'!A9:A34,"8 · Operation / Prevádzka"),"—")
A29: 8F · Food Safety / Bezpečnosť potravín | E29: =IFERROR(AVERAGEIFS('01 · Gap Analysis · Analýza'!E9:E34,'01 · Gap Analysis · Analýza'!A9:A34,"8F · Food Safety / Bezpečnosť potravín"),"—")
A30: 9 · Performance / Hodnotenie | E30: =IFERROR(AVERAGEIFS('01 · Gap Analysis · Analýza'!E9:E34,'01 · Gap Analysis · Analýza'!A9:A34,"9 · Performance / Hodnotenie"),"—")
A31: 10 · Improvement / Zlepšovanie | E31: =IFERROR(AVERAGEIFS('01 · Gap Analysis · Analýza'!E9:E34,'01 · Gap Analysis · Analýza'!A9:A34,"10 · Improvement / Zlepšovanie"),"—")

Sheet 04 · Next Steps · Ďalšie kroky
A1: DEMO — PREVIEW ONLY · enter your email to download the free editable file · ukážka — zadajte e-mail a stiahnite si bezplatný upraviteľný súbor
A2: Next Steps — Close Your Gaps | Ďalšie kroky — vyriešte svoje medzery
A3: Pick the readiness kit that matches your sector & standard · Vyberte balík pripravenosti podľa vášho odvetvia a normy
A4: ℹ This free tool finds the gaps. The matching paid kit gives you the ready-made templates, logs and procedures to close them — built once, audit-ready. Prices indicative; see the listing. Tento bezplatný nástroj nájde medzery. Príslušný platený balík vám dá hotové šablóny, záznamy a postupy na ich vyriešenie — pripravené na audit. Ceny orientačné; pozri ponuku.
A6: Your sector / standard Vaše odvetvie / norma | B6: Recommended kit Odporúčaný balík | C6: From € Od € | D6: What it closes Čo vyrieši
A7: Café · restaurant · bar · B&B · hotel HACCP · 852/2004 · 1169/2011 | B7: P14 — HACCP Readiness Pack (Cafés & Restaurants) | C7: 49 | D7: HACCP plan, CCP/PRP logs, allergen matrix, traceability, training, CAPA
A8: Food manufacturing (GFSI) ISO 22000 · FSSC 22000 v7 | B8: P15 — ISO 22000 / FSSC 22000 Food Safety Management Kit | C8: 99 | D8: Full FSMS spine: doc-control, internal audit, mgmt review, CAPA, calibration
A9: Food manufacturing BRCGS · IFS Food | B9: P16 — BRCGS / IFS Document-Control & Audit-Readiness Suite | C9: 89 | D9: Master document list, supplier approval, internal audit — the #1 NC area
A10: Non-food manufacturing ISO 9001 | B10: P17 — ISO 9001 Quality-Management Audit-Readiness Pack | C10: 79 | D10: ISO 9001 clause 4–10 spine for B2B customer-required certification
A11: Already certified FSSC v6 upgrade to v7 by Apr 2028 | B11: P18 — FSSC 22000 V7 Transition Pack | C11: 49 | D11: v6→v7 delta gap-analysis, internal audit & management-review updates
A13: Auditors & consultants / Audítori a konzultanti → P19 Auditor Edition · P20 Multi-Client Console (from €149)
A15: Positioning: audit-ready packs that satisfy a TÜV-style certifier auditing you to ISO / HACCP / BRCGS / IFS — not 'TÜV templates'. · Balíky pripravené na audit certifikačným orgánom (štýl TÜV) podľa ISO / HACCP / BRCGS / IFS.
