Workbook

Sheet 00 · Metóda
B1: Prevádzka a marža pre gastro
B2: Balík nástrojov, ktorý vám ukáže maržu, mzdy a hotovosť skôr, než zabolia
B5: ČO BALÍK OBSAHUJE
B6: 01 · Denný plán | C6: priority dňa, časový rozvrh, otvorenie/zatvorenie
B7: 02 · Prehľad | C7: automatický dashboard — KPI a postrehy z vašich čísel
B8: 03 · Cash flow | C8: 12-mesačný cash flow a výkaz ziskov a strát
B9: 04 · Marža | C9: kalkulácia nákladov a hrubej marže receptúr
B10: 05 · Zásoby | C10: sledovač zásob a hodnoty strát
B11: 06 · Zmeny | C11: plánovač zmien a podielu mzdových nákladov
B12: 07 · Tržby | C12: denné tržby a uzávierka pokladne
B13: 08 · Školenia | C13: matica školení a zaškolenia — dôkaz pred zmenou
B15: METÓDA — AKO TO POUŽÍVAŤ KAŽDÝ DEŇ
B16: • RÁNO (5 min): otvorte „01 · Denný plán“ — zapíšte 3 priority a prejdite otvorenie.
B17: • POČAS DŇA: zapisujte tržby do „07 · Tržby“ a straty do „05 · Zásoby“.
B18: • VEČER (5 min): uzávierka pokladne v „07 · Tržby“, kontrola rozdielu.
B19: • TÝŽDENNE: skontrolujte „06 · Zmeny“ (podiel miezd) a „04 · Marža“.
B20: • MESAČNE: vyplňte „03 · Cash flow“ a pozrite „02 · Prehľad“ — uvidíte celý obraz.
B22: FARBY
B23: Oranžová = vyplníte vy · Modrá = vypočíta sa automaticky · Biela/sivá = záznamy
B25: ASSET-FORGE · v1.0 · 31/05/2026 · EU (Írsko) · Šablóna — nie je finančné ani právne poradenstvo.

Sheet 01 · Denný plán
B1: Denný plán
B2: Začnite deň s tromi prioritami a jasným rozvrhom
B5: Dátum
B6: Deň
B8: DNEŠNÉ 3 PRIORITY
B9: 1
B10: 2
B11: 3
B13: ROZVRH DŇA
B14: Čas | C14: Úloha | D14: Priorita | E14: Hotovo
B15: 07:00
B16: 08:00
B17: 09:00
B18: 10:00
B19: 11:00
B20: 12:00
B21: 13:00
B22: 14:00
B23: 15:00
B24: 16:00
B25: 17:00
B26: 18:00
... B37: Zatvorenie: spotrebiče vypnuté, prevádzka zabezpečená

Sheet 02 · Prehľad
B1: Prehľad
B2: Automatický dashboard — ťahá živé čísla z ostatných hárkov
B6: ROČNÉ TRŽBY | F6: HRUBÁ MARŽA (ROK) | J6: ČISTÝ ZISK (ROK)
B7: =IFERROR('03 · Cash flow'!O13,0) | F7: =IFERROR('03 · Cash flow'!O18,0) | J7: =IFERROR('03 · Cash flow'!O26,0)
B11: KONCOVÁ HOTOVOSŤ | F11: PRIEMERNÁ MARŽA | J11: PODIEL MIEZD
B12: =IFERROR('03 · Cash flow'!N29,0) | F12: =IFERROR('04 · Marža'!H30,0) | J12: =IFERROR('06 · Zmeny'!I31,0)
B15: POSTREHY
B16: =IFERROR("Čistá marža: "&TEXT('03 · Cash flow'!O26/'03 · Cash flow'!O13,"0.0%")&IF('03 · Cash flow'!O26/'03 · Cash flow'!O13>=0.1," — zdravé."," — pozor, je nízka."),"Čistá marža: zatiaľ bez dát.")
B17: =IFERROR("Podiel miezd: "&TEXT('06 · Zmeny'!I31,"0.0%")&IF('06 · Zmeny'!I31>0.35," — NAD cieľom 35 %, skontrolujte zmeny."," — v poriadku."),"Podiel miezd: zatiaľ bez dát.")
B18: =IFERROR("Hodnota strát na zásobách: "&TEXT('05 · Zásoby'!I27,"#,##0.00 €")&".","Straty: zatiaľ bez dát.")
B19: =IFERROR("Položky pod cieľovou maržou: "&TEXT('04 · Marža'!H31,"0")&" — zvážte cenu alebo recept.","Marža: zatiaľ bez dát.")
B20: =IFERROR("Rozdiel v pokladni (rok): "&TEXT('07 · Tržby'!H40,"#,##0.00 €")&IF(ABS('07 · Tržby'!H40)>1," — preverte uzávierky."," — sedí."),"Pokladňa: zatiaľ bez dát.")
B22: Tieto čísla sa aktualizujú automaticky, keď vyplníte hárky 03–07.

Sheet 03 · Cash flow
B1: Cash flow a výkaz ziskov a strát
B2: 12-mesačný prehľad hotovosti a mesačný zisk/strata
B5: Názov prevádzky
B6: Rok
B7: Vyplňte oranžové bunky. Súčty, marža, zisk a koncová hotovosť sa počítajú automaticky.
B8: Položka | C8: Jan | D8: Feb | E8: Mar | F8: Apr | G8: Máj | H8: Jún | I8: Júl | J8: Aug | K8: Sep | L8: Okt | M8: Nov | N8: Dec | O8: Rok
B9: TRŽBY
B10: Tržby z jedál | O10: =SUM(C10:N10)
B11: Tržby z nápojov | O11: =SUM(C11:N11)
B12: Ostatné príjmy | O12: =SUM(C12:N12)
B13: Tržby spolu | C13: =SUM(C10:C12) | D13: =SUM(D10:D12) | E13: =SUM(E10:E12) | F13: =SUM(F10:F12) | G13: =SUM(G10:G12) | H13: =SUM(H10:H12) | I13: =SUM(I10:I12) | J13: =SUM(J10:J12) | ... N13: =SUM(N10:N12) | O13: =SUM(C13:N13)
B14: NÁKLADY NA PREDAJ
B15: Náklady na jedlo | O15: =SUM(C15:N15)
B16: Náklady na nápoje | O16: =SUM(C16:N16)
B17: Náklady spolu | C17: =SUM(C15:C16) | D17: =SUM(D15:D16) | E17: =SUM(E15:E16) | F17: =SUM(F15:F16) | G17: =SUM(G15:G16) | H17: =SUM(H15:H16) | I17: =SUM(I15:I16) | J17: =SUM(J15:J16) | ... N17: =SUM(N15:N16) | O17: =SUM(C17:N17)
B18: HRUBÁ MARŽA | C18: =C13-C17 | D18: =D13-D17 | E18: =E13-E17 | F18: =F13-F17 | G18: =G13-G17 | H18: =H13-H17 | I18: =I13-I17 | J18: =J13-J17 | ... N18: =N13-N17 | O18: =SUM(C18:N18)
B19: RÉŽIE
B20: Mzdy a personál | O20: =SUM(C20:N20)
B21: Nájom a poplatky | O21: =SUM(C21:N21)
B22: Energie | O22: =SUM(C22:N22)
B23: Marketing | O23: =SUM(C23:N23)
B24: Ostatné réžie | O24: =SUM(C24:N24)
B25: Réžie spolu | C25: =SUM(C20:C24) | D25: =SUM(D20:D24) | E25: =SUM(E20:E24) | F25: =SUM(F20:F24) | G25: =SUM(G20:G24) | H25: =SUM(H20:H24) | I25: =SUM(I20:I24) | J25: =SUM(J20:J24) | ... N25: =SUM(N20:N24) | O25: =SUM(C25:N25)
B26: ČISTÝ ZISK | C26: =C18-C25 | D26: =D18-D25 | E26: =E18-E25 | F26: =F18-F25 | G26: =G18-G25 | H26: =H18-H25 | I26: =I18-I25 | J26: =J18-J25 | ... N26: =N18-N25 | O26: =SUM(C26:N26)
B27: HOTOVOSŤ
B28: Počiatočná hotovosť | D28: =C29 | E28: =D29 | F28: =E29 | G28: =F29 | H28: =G29 | I28: =H29 | J28: =I29 | K28: =J29 | ... N28: =M29 | O28: =C28
B29: Koncová hotovosť | C29: =C28+C26 | D29: =D28+D26 | E29: =E28+E26 | F29: =F28+F26 | G29: =G28+G26 | H29: =H28+H26 | I29: =I28+I26 | J29: =J28+J26 | ... N29: =N28+N26 | O29: =N29

Sheet 04 · Marža
B1: Kalkulácia marže receptúr
B2: Náklady na porciu, hrubá marža a odporúčaná cena
B5: Názov prevádzky
B6: Zadajte náklady a cieľovú maržu. Odporúčaná cena (bez DPH) sa vypočíta; vedľa vidíte reálnu maržu.
B7: Jedlo / nápoj | C7: Veľkosť | D7: Náklady € | E7: Cieľ marža % | F7: Odpor. cena € | G7: Cena v menu € | H7: Reálna marža % | I7: Stav
B8: Kôš s domácim chlebom | C8: 120 g | D8: 0.45 | E8: 0.7 | F8: =IF(OR(D8="",E8=""),"",D8/(1-E8)) | H8: =IF(OR(G8="",D8=""),"",(G8-D8)/G8) | I8: =IF(OR(H8="",E8=""),"",IF(H8<E8,"NÍZKA","OK"))
B9: Rybacia polievka | C9: 350 ml | D9: 2.1 | E9: 0.68 | F9: =IF(OR(D9="",E9=""),"",D9/(1-E9)) | H9: =IF(OR(G9="",D9=""),"",(G9-D9)/G9) | I9: =IF(OR(H9="",E9=""),"",IF(H9<E9,"NÍZKA","OK"))
B10: Hovädzí burger s hranolkami | C10: 300 g | D10: 3.4 | E10: 0.68 | F10: =IF(OR(D10="",E10=""),"",D10/(1-E10)) | H10: =IF(OR(G10="",D10=""),"",(G10-D10)/G10) | I10: =IF(OR(H10="",E10=""),"",IF(H10<E10,"NÍZKA","OK"))
B11: Cappuccino | C11: 240 ml | D11: 0.55 | E11: 0.85 | F11: =IF(OR(D11="",E11=""),"",D11/(1-E11)) | H11: =IF(OR(G11="",D11=""),"",(G11-D11)/G11) | I11: =IF(OR(H11="",E11=""),"",IF(H11<E11,"NÍZKA","OK"))
B12: Čapované pivo | C12: 500 ml | D12: 1.95 | E12: 0.55 | F12: =IF(OR(D12="",E12=""),"",D12/(1-E12)) | H12: =IF(OR(G12="",D12=""),"",(G12-D12)/G12) | I12: =IF(OR(H12="",E12=""),"",IF(H12<E12,"NÍZKA","OK"))
F13: =IF(OR(D13="",E13=""),"",D13/(1-E13)) | H13: =IF(OR(G13="",D13=""),"",(G13-D13)/G13) | I13: =IF(OR(H13="",E13=""),"",IF(H13<E13,"NÍZKA","OK"))
F14: =IF(OR(D14="",E14=""),"",D14/(1-E14)) | H14: =IF(OR(G14="",D14=""),"",(G14-D14)/G14) | I14: =IF(OR(H14="",E14=""),"",IF(H14<E14,"NÍZKA","OK"))
F15: =IF(OR(D15="",E15=""),"",D15/(1-E15)) | H15: =IF(OR(G15="",D15=""),"",(G15-D15)/G15) | I15: =IF(OR(H15="",E15=""),"",IF(H15<E15,"NÍZKA","OK"))
F16: =IF(OR(D16="",E16=""),"",D16/(1-E16)) | H16: =IF(OR(G16="",D16=""),"",(G16-D16)/G16) | I16: =IF(OR(H16="",E16=""),"",IF(H16<E16,"NÍZKA","OK"))
F17: =IF(OR(D17="",E17=""),"",D17/(1-E17)) | H17: =IF(OR(G17="",D17=""),"",(G17-D17)/G17) | I17: =IF(OR(H17="",E17=""),"",IF(H17<E17,"NÍZKA","OK"))
F18: =IF(OR(D18="",E18=""),"",D18/(1-E18)) | H18: =IF(OR(G18="",D18=""),"",(G18-D18)/G18) | I18: =IF(OR(H18="",E18=""),"",IF(H18<E18,"NÍZKA","OK"))
F19: =IF(OR(D19="",E19=""),"",D19/(1-E19)) | H19: =IF(OR(G19="",D19=""),"",(G19-D19)/G19) | I19: =IF(OR(H19="",E19=""),"",IF(H19<E19,"NÍZKA","OK"))
F20: =IF(OR(D20="",E20=""),"",D20/(1-E20)) | H20: =IF(OR(G20="",D20=""),"",(G20-D20)/G20) | I20: =IF(OR(H20="",E20=""),"",IF(H20<E20,"NÍZKA","OK"))
F21: =IF(OR(D21="",E21=""),"",D21/(1-E21)) | H21: =IF(OR(G21="",D21=""),"",(G21-D21)/G21) | I21: =IF(OR(H21="",E21=""),"",IF(H21<E21,"NÍZKA","OK"))
F22: =IF(OR(D22="",E22=""),"",D22/(1-E22)) | H22: =IF(OR(G22="",D22=""),"",(G22-D22)/G22) | I22: =IF(OR(H22="",E22=""),"",IF(H22<E22,"NÍZKA","OK"))
F23: =IF(OR(D23="",E23=""),"",D23/(1-E23)) | H23: =IF(OR(G23="",D23=""),"",(G23-D23)/G23) | I23: =IF(OR(H23="",E23=""),"",IF(H23<E23,"NÍZKA","OK"))
F24: =IF(OR(D24="",E24=""),"",D24/(1-E24)) | H24: =IF(OR(G24="",D24=""),"",(G24-D24)/G24) | I24: =IF(OR(H24="",E24=""),"",IF(H24<E24,"NÍZKA","OK"))
... F29: =IF(OR(D29="",E29=""),"",D29/(1-E29)) | H29: =IF(OR(G29="",D29=""),"",(G29-D29)/G29) | I29: =IF(OR(H29="",E29=""),"",IF(H29<E29,"NÍZKA","OK"))
B30: Priemerná reálna marža | H30: =IFERROR(AVERAGEIF(H8:H29,"<>",H8:H29),0)
B31: Položky pod cieľom | H31: =COUNTIF(I8:I29,"NÍZKA")

Sheet 05 · Zásoby
B1: Zásoby a straty
B2: Počiatočné + nákup − koncové = spotreba; hodnota strát ukáže únik marže
B5: Názov prevádzky
B6: Obdobie
B7: Hodnota strát sa počíta automaticky. Vysoké straty sa zvýraznia — konajte pri úniku a prelievaní.
B8: Položka | C8: Jedn. | D8: Počiatočné | E8: Nákup | F8: Koncové | G8: Straty (množ.) | H8: Cena/jedn. € | I8: Hodnota strát €
B9: Čapované pivo | C9: L | D9: 80 | E9: 220 | F9: 60 | G9: 4 | H9: 4 | I9: =IF(OR(G9="",H9=""),"",G9*H9)
B10: Domáce červené víno | C10: fľaša | D10: 24 | E10: 60 | F10: 30 | G10: 1 | H10: 1 | I10: =IF(OR(G10="",H10=""),"",G10*H10)
B11: Čerstvé ryby | C11: kg | D11: 5 | E11: 30 | F11: 2 | G11: 1.5 | H11: 1.5 | I11: =IF(OR(G11="",H11=""),"",G11*H11)
B12: Rib-eye steak | C12: kg | D12: 8 | E12: 25 | F12: 6 | G12: 0.5 | H12: 0.5 | I12: =IF(OR(G12="",H12=""),"",G12*H12)
B13: Mlieko | C13: L | D13: 20 | E13: 120 | F13: 25 | G13: 3 | H13: 3 | I13: =IF(OR(G13="",H13=""),"",G13*H13)
I14: =IF(OR(G14="",H14=""),"",G14*H14)
I15: =IF(OR(G15="",H15=""),"",G15*H15)
I16: =IF(OR(G16="",H16=""),"",G16*H16)
I17: =IF(OR(G17="",H17=""),"",G17*H17)
I18: =IF(OR(G18="",H18=""),"",G18*H18)
I19: =IF(OR(G19="",H19=""),"",G19*H19)
I20: =IF(OR(G20="",H20=""),"",G20*H20)
I21: =IF(OR(G21="",H21=""),"",G21*H21)
I22: =IF(OR(G22="",H22=""),"",G22*H22)
I23: =IF(OR(G23="",H23=""),"",G23*H23)
I24: =IF(OR(G24="",H24=""),"",G24*H24)
I25: =IF(OR(G25="",H25=""),"",G25*H25)
I26: =IF(OR(G26="",H26=""),"",G26*H26)
B27: Hodnota strát spolu | I27: =SUM(I9:I26)

Sheet 06 · Zmeny
B1: Zmeny a mzdové náklady
B2: Naplánujte zmeny a hneď vidíte podiel mzdových nákladov na tržbách
B5: Názov prevádzky
B6: Týždeň od
B7: Plán tržieb €
B8: Zadajte hodiny a sadzbu. Náklad = hodiny × sadzba. Cieľ pre gastro býva 25–35 % tržieb.
B9: Zamestnanec | C9: Pozícia | D9: Deň | E9: Od | F9: Do | G9: Hodiny | H9: Sadzba €/h | I9: Náklad €
I10: =IF(OR(G10="",H10=""),"",G10*H10)
I11: =IF(OR(G11="",H11=""),"",G11*H11)
I12: =IF(OR(G12="",H12=""),"",G12*H12)
I13: =IF(OR(G13="",H13=""),"",G13*H13)
I14: =IF(OR(G14="",H14=""),"",G14*H14)
I15: =IF(OR(G15="",H15=""),"",G15*H15)
I16: =IF(OR(G16="",H16=""),"",G16*H16)
I17: =IF(OR(G17="",H17=""),"",G17*H17)
I18: =IF(OR(G18="",H18=""),"",G18*H18)
I19: =IF(OR(G19="",H19=""),"",G19*H19)
I20: =IF(OR(G20="",H20=""),"",G20*H20)
I21: =IF(OR(G21="",H21=""),"",G21*H21)
... I29: =IF(OR(G29="",H29=""),"",G29*H29)
B30: Mzdové náklady spolu | I30: =SUM(I10:I29)
B31: Podiel miezd na tržbách | I31: =IF(C7="","",I30/C7)

Sheet 07 · Tržby
B1: Denné tržby a uzávierka pokladne
B2: Porovná uzávierku (Z) s hotovosťou a kartami a upozorní na rozdiel
B5: Názov prevádzky
B6: Mesiac
B7: Rozdiel = (hotovosť + karty) − uzávierka. Hodnoty mimo nuly sa zvýraznia — preverte ich.
B8: Dátum | C8: Uzávierka € (Z) | D8: Hotovosť € | E8: Karty € | F8: Vklad € | G8: Spolu spočítané € | H8: Rozdiel € | I8: Kontroloval
G9: =IF(AND(D9="",E9=""),"",D9+E9) | H9: =IF(OR(C9="",G9=""),"",G9-C9)
G10: =IF(AND(D10="",E10=""),"",D10+E10) | H10: =IF(OR(C10="",G10=""),"",G10-C10)
G11: =IF(AND(D11="",E11=""),"",D11+E11) | H11: =IF(OR(C11="",G11=""),"",G11-C11)
G12: =IF(AND(D12="",E12=""),"",D12+E12) | H12: =IF(OR(C12="",G12=""),"",G12-C12)
G13: =IF(AND(D13="",E13=""),"",D13+E13) | H13: =IF(OR(C13="",G13=""),"",G13-C13)
G14: =IF(AND(D14="",E14=""),"",D14+E14) | H14: =IF(OR(C14="",G14=""),"",G14-C14)
G15: =IF(AND(D15="",E15=""),"",D15+E15) | H15: =IF(OR(C15="",G15=""),"",G15-C15)
G16: =IF(AND(D16="",E16=""),"",D16+E16) | H16: =IF(OR(C16="",G16=""),"",G16-C16)
G17: =IF(AND(D17="",E17=""),"",D17+E17) | H17: =IF(OR(C17="",G17=""),"",G17-C17)
G18: =IF(AND(D18="",E18=""),"",D18+E18) | H18: =IF(OR(C18="",G18=""),"",G18-C18)
G19: =IF(AND(D19="",E19=""),"",D19+E19) | H19: =IF(OR(C19="",G19=""),"",G19-C19)
G20: =IF(AND(D20="",E20=""),"",D20+E20) | H20: =IF(OR(C20="",G20=""),"",G20-C20)
... G39: =IF(AND(D39="",E39=""),"",D39+E39) | H39: =IF(OR(C39="",G39=""),"",G39-C39)
B40: Spolu (rok) | C40: =SUM(C9:C39) | H40: =SUM(H9:H39)

Sheet 08 · Školenia
B1: Školenia a zaškolenie
B2: Dôkaz, že pracovník bol školený PRED zmenou — vrátane manipulácie a zaškolenia
B5: Názov prevádzky
B6: Zadajte dátum absolvovania (DD/MM/RRRR). Prázdna bunka = chýbajúce školenie pred prácou.
B7: Zamestnanec | C7: Nástup | D7: Zaškolenie | E7: Manipulácia s bremenami | F7: Hygiena potravín | G7: Alergény | H7: Požiarna ochrana | I7: BOZP / prvá pomoc | J7: Preškolenie
B25: Pozn.: podľa zákona o BOZP musia byť zamestnanci školení na svoju prácu — maticu udržiavajte aktuálnu a s dátumami.
