Workbook

Sheet 00 · Metóda
B1: Predaj automobilov / autobazár
B2: Balík, ktorý ustráži maržu na vozidlo, obrátku skladu a starnutie zásob
B5: ČO BALÍK OBSAHUJE
B6: Cash flow | C6: 12-mesačný cash flow a zisk/strata
B7: Marža na vozidlo | C7: Náklad obstarania a prípravy na vozidlo a marža
B8: Sklad vozidiel | C8: Obrátka skladu a hodnota odpisu (starnutie / zľavy)
B9: Zmeny | C9: Zmeny a podiel mzdových nákladov
B10: Tržby | C10: Predaj vozidiel a úhrady
B11: Školenia | C11: Matica školení — dôkaz pred zmenou
B13: METÓDA — AKO TO POUŽÍVAŤ
B14: • RÁNO: 3 priority + obhliadky a skúšobné jazdy
B15: • POČAS DŇA: predaj, protiúčty, financovanie a poistenie
B16: • VEČER: uzávierka + stav skladu vozidiel
B17: • TÝŽDENNE: marža na vozidlo + obrátka a starnutie skladu
B18: • MESAČNE: cash flow + prehľad
B20: FARBY
B21: Oranžová = vyplníte vy · Modrá = vypočíta sa automaticky · Biela/sivá = záznamy
B23: ASSET-FORGE · v1.0 · 31/05/2026 · EU (Írsko) · Šablóna — nie je finančné ani právne poradenstvo.

Sheet 01 · Denný plán
B1: Denný plán
B2: Tri priority a jasný rozvrh dňa
B5: Dátum
B6: Deň
B8: DNEŠNÉ 3 PRIORITY
B9: 1
B10: 2
B11: 3
B13: ROZVRH DŇA
B14: Čas | C14: Úloha | D14: Priorita | E14: Hotovo
B15: 07:00
B16: 08:00
B17: 09:00
B18: 10:00
B19: 11:00
B20: 12:00
B21: 13:00
B22: 14:00
B23: 15:00
B24: 16:00
B25: 17:00
B26: 18:00
... B37: Zatvorenie: kľúče a areál zabezpečené

Sheet 02 · Prehľad
B1: Prehľad
B2: Automatický dashboard — ťahá živé čísla z ostatných hárkov
B6: ROČNÉ TRŽBY ↗ | F6: HRUBÁ MARŽA ↗ | J6: ČISTÝ ZISK ↗
B7: =IFERROR('03 · Cash flow'!O14,0) | F7: =IFERROR('03 · Cash flow'!O19,0) | J7: =IFERROR('03 · Cash flow'!O27,0)
B11: TRŽBY VS PLÁN ↗ | F11: KONCOVÁ HOTOVOSŤ ↗ | J11: PRIEMERNÁ MARŽA NA VOZIDLO ↗
B12: =IFERROR('03 · Cash flow'!Q14,0) | F12: =IFERROR('03 · Cash flow'!N30,0) | J12: =IFERROR('04 · Marža na vozidlo'!H30,0)
B16: HODNOTA ODPISU (STARNUTIE) ↗ | F16: PODIEL MIEZD ↗
B17: =IFERROR('05 · Sklad vozidiel'!I27,0) | F17: =IFERROR('06 · Zmeny'!I31,0)
B20: POSTREHY
B21: =IFERROR(IF('03 · Cash flow'!P14="","Tržby vs plán: zadajte ročný plán v hárku Cash flow.","Tržby vs plán: "&TEXT('03 · Cash flow'!Q14,"#,##0 €")&" ("&TEXT('03 · Cash flow'!R14,"+0.0%;-0.0%")&") — "&IF('03 · Cash flow'!R14>=0,"NAD plánom.","POD plánom, preverte hlavný zdroj tržieb.")),"Tržby vs plán: zatiaľ bez dát.")
B22: =IFERROR("Čistá marža: "&TEXT('03 · Cash flow'!O27/'03 · Cash flow'!O14,"0.0%")&IF('03 · Cash flow'!O27/'03 · Cash flow'!O14>=0.1," — zdravé."," — pozor, je nízka."),"Čistá marža: zatiaľ bez dát.")
B23: =IFERROR("Podiel miezd: "&TEXT('06 · Zmeny'!I31,"0.0%")&IF('06 · Zmeny'!I31>0.35," — NAD cieľom 35 %."," — v poriadku."),"Podiel miezd: zatiaľ bez dát.")
B24: =IFERROR("Hodnota strát/odpisu: "&TEXT('05 · Sklad vozidiel'!I27,"#,##0.00 €")&".","Straty: zatiaľ bez dát.")
B25: =IFERROR("Položky pod cieľovou maržou: "&TEXT('04 · Marža na vozidlo'!H31,"0")&".","Marža: zatiaľ bez dát.")
B26: =IFERROR("Rozdiel v pokladni (rok): "&TEXT('07 · Tržby'!H40,"#,##0.00 €")&IF(ABS('07 · Tržby'!H40)>1," — preverte."," — sedí."),"Pokladňa: zatiaľ bez dát.")
B28: Tieto čísla sa aktualizujú automaticky, keď vyplníte ostatné hárky.

Sheet 03 · Cash flow
B1: Cash flow
B2: 12-mesačný cash flow a zisk/strata
B5: Názov prevádzky
B6: Rok
B7: Vyplňte oranžové bunky (mesačné skutočnosti + ročný plán). Súčty, marža, zisk, odchýlka od plánu a koncová hotovosť sa počítajú automaticky.
B8: Položka | C8: Jan | D8: Feb | E8: Mar | F8: Apr | G8: Máj | H8: Jún | I8: Júl | J8: Aug | K8: Sep | L8: Okt | M8: Nov | N8: Dec | O8: Rok | P8: Plán | Q8: Odchýlka € | R8: Odchýlka %
B9: TRŽBY
B10: Tržby predaj vozidiel (jazdené) | O10: =SUM(C10:N10) | Q10: =IF(OR(O10="",P10=""),"",O10-P10) | R10: =IF(OR(P10="",P10=0,O10=""),"",(O10-P10)/P10)
B11: Tržby predaj vozidiel (nové) | O11: =SUM(C11:N11) | Q11: =IF(OR(O11="",P11=""),"",O11-P11) | R11: =IF(OR(P11="",P11=0,O11=""),"",(O11-P11)/P11)
B12: Tržby financovanie a poistenie (provízie) | O12: =SUM(C12:N12) | Q12: =IF(OR(O12="",P12=""),"",O12-P12) | R12: =IF(OR(P12="",P12=0,O12=""),"",(O12-P12)/P12)
B13: Tržby servis a doplnky | O13: =SUM(C13:N13) | Q13: =IF(OR(O13="",P13=""),"",O13-P13) | R13: =IF(OR(P13="",P13=0,O13=""),"",(O13-P13)/P13)
B14: Tržby spolu | C14: =SUM(C10:C13) | D14: =SUM(D10:D13) | E14: =SUM(E10:E13) | F14: =SUM(F10:F13) | G14: =SUM(G10:G13) | H14: =SUM(H10:H13) | I14: =SUM(I10:I13) | J14: =SUM(J10:J13) | ... N14: =SUM(N10:N13) | O14: =SUM(C14:N14) | P14: =SUM(P10:P13) | Q14: =IF(OR(O14="",P14=""),"",O14-P14) | R14: =IF(OR(P14="",P14=0,O14=""),"",(O14-P14)/P14)
B15: NÁKLADY NA PREDAJ
B16: Nákup vozidiel a protiúčty | O16: =SUM(C16:N16) | Q16: =IF(OR(O16="",P16=""),"",O16-P16) | R16: =IF(OR(P16="",P16=0,O16=""),"",(O16-P16)/P16)
B17: Príprava a kondícia (servis, detailing, STK/EK) | O17: =SUM(C17:N17) | Q17: =IF(OR(O17="",P17=""),"",O17-P17) | R17: =IF(OR(P17="",P17=0,O17=""),"",(O17-P17)/P17)
B18: Náklady spolu | C18: =SUM(C16:C17) | D18: =SUM(D16:D17) | E18: =SUM(E16:E17) | F18: =SUM(F16:F17) | G18: =SUM(G16:G17) | H18: =SUM(H16:H17) | I18: =SUM(I16:I17) | J18: =SUM(J16:J17) | ... N18: =SUM(N16:N17) | O18: =SUM(C18:N18) | P18: =SUM(P16:P17) | Q18: =IF(OR(O18="",P18=""),"",O18-P18) | R18: =IF(OR(P18="",P18=0,O18=""),"",(O18-P18)/P18)
B19: HRUBÁ MARŽA | C19: =C14-C18 | D19: =D14-D18 | E19: =E14-E18 | F19: =F14-F18 | G19: =G14-G18 | H19: =H14-H18 | I19: =I14-I18 | J19: =J14-J18 | ... N19: =N14-N18 | O19: =SUM(C19:N19) | P19: =P14-P18 | Q19: =IF(OR(O19="",P19=""),"",O19-P19) | R19: =IF(OR(P19="",P19=0,O19=""),"",(O19-P19)/P19)
B20: RÉŽIE
B21: Mzdy a personál (predajcovia) | O21: =SUM(C21:N21) | Q21: =IF(OR(O21="",P21=""),"",O21-P21) | R21: =IF(OR(P21="",P21=0,O21=""),"",(O21-P21)/P21)
B22: Areál a poplatky | O22: =SUM(C22:N22) | Q22: =IF(OR(O22="",P22=""),"",O22-P22) | R22: =IF(OR(P22="",P22=0,O22=""),"",(O22-P22)/P22)
B23: Inzercia a marketing | O23: =SUM(C23:N23) | Q23: =IF(OR(O23="",P23=""),"",O23-P23) | R23: =IF(OR(P23="",P23=0,O23=""),"",(O23-P23)/P23)
B24: Poistenie a financovanie skladu | O24: =SUM(C24:N24) | Q24: =IF(OR(O24="",P24=""),"",O24-P24) | R24: =IF(OR(P24="",P24=0,O24=""),"",(O24-P24)/P24)
B25: Ostatné réžie | O25: =SUM(C25:N25) | Q25: =IF(OR(O25="",P25=""),"",O25-P25) | R25: =IF(OR(P25="",P25=0,O25=""),"",(O25-P25)/P25)
B26: Réžie spolu | C26: =SUM(C21:C25) | D26: =SUM(D21:D25) | E26: =SUM(E21:E25) | F26: =SUM(F21:F25) | G26: =SUM(G21:G25) | H26: =SUM(H21:H25) | I26: =SUM(I21:I25) | J26: =SUM(J21:J25) | ... N26: =SUM(N21:N25) | O26: =SUM(C26:N26) | P26: =SUM(P21:P25) | Q26: =IF(OR(O26="",P26=""),"",O26-P26) | R26: =IF(OR(P26="",P26=0,O26=""),"",(O26-P26)/P26)
B27: ČISTÝ ZISK | C27: =C19-C26 | D27: =D19-D26 | E27: =E19-E26 | F27: =F19-F26 | G27: =G19-G26 | H27: =H19-H26 | I27: =I19-I26 | J27: =J19-J26 | ... N27: =N19-N26 | O27: =SUM(C27:N27) | P27: =P19-P26 | Q27: =IF(OR(O27="",P27=""),"",O27-P27) | R27: =IF(OR(P27="",P27=0,O27=""),"",(O27-P27)/P27)
B28: HOTOVOSŤ
B29: Počiatočná hotovosť | D29: =C30 | E29: =D30 | F29: =E30 | G29: =F30 | H29: =G30 | I29: =H30 | J29: =I30 | K29: =J30 | ... N29: =M30 | O29: =C29
B30: Koncová hotovosť | C30: =C29+C27 | D30: =D29+D27 | E30: =E29+E27 | F30: =F29+F27 | G30: =G29+G27 | H30: =H29+H27 | I30: =I29+I27 | J30: =J29+J27 | ... N30: =N29+N27 | O30: =N30

Sheet 04 · Marža na vozidlo
B1: Marža na vozidlo
B2: Náklad obstarania a prípravy na vozidlo a marža
B5: Názov prevádzky
B6: Zadajte náklady a cieľovú maržu. Odporúčaná cena (bez DPH) sa vypočíta; vedľa vidíte reálnu maržu.
B7: Vozidlo / model | C7: Veľkosť | D7: Náklady € | E7: Cieľ marža % | F7: Odpor. cena € | G7: Cena v menu € | H7: Reálna marža % | I7: Stav
B8: Malé mestské auto (jazdené) | F8: =IF(OR(D8="",E8=""),"",D8/(1-E8)) | H8: =IF(OR(G8="",D8=""),"",(G8-D8)/G8) | I8: =IF(OR(H8="",E8=""),"",IF(H8<E8,"NÍZKA","OK"))
B9: Rodinný kombi (jazdené) | F9: =IF(OR(D9="",E9=""),"",D9/(1-E9)) | H9: =IF(OR(G9="",D9=""),"",(G9-D9)/G9) | I9: =IF(OR(H9="",E9=""),"",IF(H9<E9,"NÍZKA","OK"))
B10: SUV (jazdené) | F10: =IF(OR(D10="",E10=""),"",D10/(1-E10)) | H10: =IF(OR(G10="",D10=""),"",(G10-D10)/G10) | I10: =IF(OR(H10="",E10=""),"",IF(H10<E10,"NÍZKA","OK"))
B11: Dodávka / úžitkové | F11: =IF(OR(D11="",E11=""),"",D11/(1-E11)) | H11: =IF(OR(G11="",D11=""),"",(G11-D11)/G11) | I11: =IF(OR(H11="",E11=""),"",IF(H11<E11,"NÍZKA","OK"))
B12: Nové vozidlo (objednávka) | F12: =IF(OR(D12="",E12=""),"",D12/(1-E12)) | H12: =IF(OR(G12="",D12=""),"",(G12-D12)/G12) | I12: =IF(OR(H12="",E12=""),"",IF(H12<E12,"NÍZKA","OK"))
B13: Luxusný segment | F13: =IF(OR(D13="",E13=""),"",D13/(1-E13)) | H13: =IF(OR(G13="",D13=""),"",(G13-D13)/G13) | I13: =IF(OR(H13="",E13=""),"",IF(H13<E13,"NÍZKA","OK"))
F14: =IF(OR(D14="",E14=""),"",D14/(1-E14)) | H14: =IF(OR(G14="",D14=""),"",(G14-D14)/G14) | I14: =IF(OR(H14="",E14=""),"",IF(H14<E14,"NÍZKA","OK"))
F15: =IF(OR(D15="",E15=""),"",D15/(1-E15)) | H15: =IF(OR(G15="",D15=""),"",(G15-D15)/G15) | I15: =IF(OR(H15="",E15=""),"",IF(H15<E15,"NÍZKA","OK"))
F16: =IF(OR(D16="",E16=""),"",D16/(1-E16)) | H16: =IF(OR(G16="",D16=""),"",(G16-D16)/G16) | I16: =IF(OR(H16="",E16=""),"",IF(H16<E16,"NÍZKA","OK"))
F17: =IF(OR(D17="",E17=""),"",D17/(1-E17)) | H17: =IF(OR(G17="",D17=""),"",(G17-D17)/G17) | I17: =IF(OR(H17="",E17=""),"",IF(H17<E17,"NÍZKA","OK"))
F18: =IF(OR(D18="",E18=""),"",D18/(1-E18)) | H18: =IF(OR(G18="",D18=""),"",(G18-D18)/G18) | I18: =IF(OR(H18="",E18=""),"",IF(H18<E18,"NÍZKA","OK"))
F19: =IF(OR(D19="",E19=""),"",D19/(1-E19)) | H19: =IF(OR(G19="",D19=""),"",(G19-D19)/G19) | I19: =IF(OR(H19="",E19=""),"",IF(H19<E19,"NÍZKA","OK"))
F20: =IF(OR(D20="",E20=""),"",D20/(1-E20)) | H20: =IF(OR(G20="",D20=""),"",(G20-D20)/G20) | I20: =IF(OR(H20="",E20=""),"",IF(H20<E20,"NÍZKA","OK"))
F21: =IF(OR(D21="",E21=""),"",D21/(1-E21)) | H21: =IF(OR(G21="",D21=""),"",(G21-D21)/G21) | I21: =IF(OR(H21="",E21=""),"",IF(H21<E21,"NÍZKA","OK"))
F22: =IF(OR(D22="",E22=""),"",D22/(1-E22)) | H22: =IF(OR(G22="",D22=""),"",(G22-D22)/G22) | I22: =IF(OR(H22="",E22=""),"",IF(H22<E22,"NÍZKA","OK"))
F23: =IF(OR(D23="",E23=""),"",D23/(1-E23)) | H23: =IF(OR(G23="",D23=""),"",(G23-D23)/G23) | I23: =IF(OR(H23="",E23=""),"",IF(H23<E23,"NÍZKA","OK"))
F24: =IF(OR(D24="",E24=""),"",D24/(1-E24)) | H24: =IF(OR(G24="",D24=""),"",(G24-D24)/G24) | I24: =IF(OR(H24="",E24=""),"",IF(H24<E24,"NÍZKA","OK"))
F25: =IF(OR(D25="",E25=""),"",D25/(1-E25)) | H25: =IF(OR(G25="",D25=""),"",(G25-D25)/G25) | I25: =IF(OR(H25="",E25=""),"",IF(H25<E25,"NÍZKA","OK"))
... F29: =IF(OR(D29="",E29=""),"",D29/(1-E29)) | H29: =IF(OR(G29="",D29=""),"",(G29-D29)/G29) | I29: =IF(OR(H29="",E29=""),"",IF(H29<E29,"NÍZKA","OK"))
B30: Priemerná reálna marža | H30: =IFERROR(AVERAGEIF(H8:H29,"<>",H8:H29),0)
B31: Položky pod cieľom | H31: =COUNTIF(I8:I29,"NÍZKA")

Sheet 05 · Sklad vozidiel
B1: Sklad vozidiel
B2: Obrátka skladu a hodnota odpisu (starnutie / zľavy)
B5: Názov prevádzky
B6: Obdobie
B7: Hodnota strát sa počíta automaticky. Vysoké straty sa zvýraznia — konajte pri úniku.
B8: Vozidlo / kategória | C8: Jedn. | D8: Počiatočné | E8: Nákup | F8: Koncové | G8: Odpis / zľava (starnutie) (množ.) | H8: Cena/jedn. € | I8: Hodnota — odpis / zľava (starnutie) €
B9: Vozidlá do 90 dní | I9: =IF(OR(G9="",H9=""),"",G9*H9)
B10: Vozidlá 90–180 dní | I10: =IF(OR(G10="",H10=""),"",G10*H10)
B11: Vozidlá nad 180 dní | I11: =IF(OR(G11="",H11=""),"",G11*H11)
B12: Protiúčty (na predaj) | I12: =IF(OR(G12="",H12=""),"",G12*H12)
B13: Komisný predaj | I13: =IF(OR(G13="",H13=""),"",G13*H13)
I14: =IF(OR(G14="",H14=""),"",G14*H14)
I15: =IF(OR(G15="",H15=""),"",G15*H15)
I16: =IF(OR(G16="",H16=""),"",G16*H16)
I17: =IF(OR(G17="",H17=""),"",G17*H17)
I18: =IF(OR(G18="",H18=""),"",G18*H18)
I19: =IF(OR(G19="",H19=""),"",G19*H19)
I20: =IF(OR(G20="",H20=""),"",G20*H20)
I21: =IF(OR(G21="",H21=""),"",G21*H21)
I22: =IF(OR(G22="",H22=""),"",G22*H22)
I23: =IF(OR(G23="",H23=""),"",G23*H23)
I24: =IF(OR(G24="",H24=""),"",G24*H24)
I25: =IF(OR(G25="",H25=""),"",G25*H25)
I26: =IF(OR(G26="",H26=""),"",G26*H26)
B27: Odpis / zľava (starnutie) — spolu | I27: =SUM(I9:I26)

Sheet 06 · Zmeny
B1: Zmeny
B2: Zmeny a podiel mzdových nákladov
B5: Názov prevádzky
B6: Týždeň od
B7: Plán tržieb €
B8: Náklad = hodiny × sadzba. Cieľ pre tento odbor býva ~15 % tržieb.
B9: Pozícia (predajca / mechanik prípravy) | C9: Pozícia | D9: Deň | E9: Od | F9: Do | G9: Hodiny | H9: Sadzba €/h | I9: Náklad €
I10: =IF(OR(G10="",H10=""),"",G10*H10)
I11: =IF(OR(G11="",H11=""),"",G11*H11)
I12: =IF(OR(G12="",H12=""),"",G12*H12)
I13: =IF(OR(G13="",H13=""),"",G13*H13)
I14: =IF(OR(G14="",H14=""),"",G14*H14)
I15: =IF(OR(G15="",H15=""),"",G15*H15)
I16: =IF(OR(G16="",H16=""),"",G16*H16)
I17: =IF(OR(G17="",H17=""),"",G17*H17)
I18: =IF(OR(G18="",H18=""),"",G18*H18)
I19: =IF(OR(G19="",H19=""),"",G19*H19)
I20: =IF(OR(G20="",H20=""),"",G20*H20)
I21: =IF(OR(G21="",H21=""),"",G21*H21)
... I29: =IF(OR(G29="",H29=""),"",G29*H29)
B30: Mzdové náklady spolu | I30: =SUM(I10:I29)
B31: Podiel miezd na tržbách | I31: =IF(C7="","",I30/C7)

Sheet 07 · Tržby
B1: Tržby
B2: Predaj vozidiel a úhrady
B5: Názov prevádzky
B6: Mesiac
B7: Zdroje: Kúpne zmluvy · zálohy · financovanie · hotovosť · prevody. Rozdiel = (hotovosť + karty) − uzávierka; hodnoty mimo nuly sa zvýraznia.
B8: Dátum | C8: Uzávierka € (Z) | D8: Hotovosť € | E8: Karty € | F8: Vklad € | G8: Spolu spočítané € | H8: Rozdiel € | I8: Kontroloval
G9: =IF(AND(D9="",E9=""),"",D9+E9) | H9: =IF(OR(C9="",G9=""),"",G9-C9)
G10: =IF(AND(D10="",E10=""),"",D10+E10) | H10: =IF(OR(C10="",G10=""),"",G10-C10)
G11: =IF(AND(D11="",E11=""),"",D11+E11) | H11: =IF(OR(C11="",G11=""),"",G11-C11)
G12: =IF(AND(D12="",E12=""),"",D12+E12) | H12: =IF(OR(C12="",G12=""),"",G12-C12)
G13: =IF(AND(D13="",E13=""),"",D13+E13) | H13: =IF(OR(C13="",G13=""),"",G13-C13)
G14: =IF(AND(D14="",E14=""),"",D14+E14) | H14: =IF(OR(C14="",G14=""),"",G14-C14)
G15: =IF(AND(D15="",E15=""),"",D15+E15) | H15: =IF(OR(C15="",G15=""),"",G15-C15)
G16: =IF(AND(D16="",E16=""),"",D16+E16) | H16: =IF(OR(C16="",G16=""),"",G16-C16)
G17: =IF(AND(D17="",E17=""),"",D17+E17) | H17: =IF(OR(C17="",G17=""),"",G17-C17)
G18: =IF(AND(D18="",E18=""),"",D18+E18) | H18: =IF(OR(C18="",G18=""),"",G18-C18)
G19: =IF(AND(D19="",E19=""),"",D19+E19) | H19: =IF(OR(C19="",G19=""),"",G19-C19)
G20: =IF(AND(D20="",E20=""),"",D20+E20) | H20: =IF(OR(C20="",G20=""),"",G20-C20)
... G39: =IF(AND(D39="",E39=""),"",D39+E39) | H39: =IF(OR(C39="",G39=""),"",G39-C39)
B40: Spolu (rok) | C40: =SUM(C9:C39) | H40: =SUM(H9:H39)

Sheet 08 · Školenia
B1: Školenia
B2: Matica školení — dôkaz pred zmenou
B5: Názov prevádzky
B6: Zadajte dátum absolvovania (DD/MM/RRRR). Prázdna bunka = chýbajúce školenie pred prácou.
B7: Zamestnanec | C7: Nástup | D7: Zaškolenie | E7: DPH — osobitná úprava (marža) pri jazdených vozidlách | F7: Limit platby v hotovosti (zákon 394/2012 Z. z.) | G7: Spotrebiteľské práva a záruka (jazdené vozidlá) | H7: Ochrana osobných údajov (GDPR) | I7: AML pri vysokých platbách | J7: BOZP / prvá pomoc | K7: Preškolenie
B25: Pozn.: podľa zákona o BOZP musia byť zamestnanci školení na svoju prácu — maticu udržiavajte aktuálnu.
